Client_Index,Churn_Réel,Churn_Prédit,Probabilité_Churn,Risque,Montant_Prédit_£,Segment
0,0,0,0.0022,Faible,0.0,Réguliers
1,0,0,0.0014,Faible,0.0,Réguliers
2,1,1,0.9994,Critique,0.0,Dormants
3,0,0,0.0021,Faible,0.0,Réguliers
4,1,1,0.9683,Critique,853.02,Réguliers
5,0,0,0.0004,Faible,0.0,Réguliers
6,1,1,0.9997,Critique,0.0,Dormants
7,1,1,0.9995,Critique,0.0,Dormants
8,0,0,0.0177,Faible,853.02,Réguliers
9,0,0,0.0021,Faible,851.55,Réguliers
10,0,0,0.0002,Faible,0.0,Réguliers
11,1,1,0.9995,Critique,0.0,Dormants
12,1,1,0.9996,Critique,0.0,Dormants
13,1,1,0.9992,Critique,0.0,Dormants
14,0,0,0.0003,Faible,0.0,Réguliers
15,1,1,0.9983,Critique,0.0,Dormants
16,0,0,0.0028,Faible,0.0,Réguliers
17,1,1,0.9787,Critique,0.0,Dormants
18,1,1,0.999,Critique,0.0,Dormants
19,0,0,0.0003,Faible,0.0,Réguliers
20,0,0,0.0004,Faible,0.0,Réguliers
21,0,0,0.0013,Faible,0.0,Réguliers
22,1,1,0.9977,Critique,0.0,Dormants
23,0,0,0.0014,Faible,851.55,Réguliers
24,1,1,0.9996,Critique,0.0,Dormants
25,0,0,0.0019,Faible,851.6,Réguliers
26,0,0,0.0006,Faible,0.0,Réguliers
27,1,1,0.9994,Critique,0.0,Dormants
28,1,1,0.9989,Critique,19.57,Dormants
29,0,0,0.0028,Faible,0.0,Réguliers
30,0,0,0.0046,Faible,0.0,Réguliers
31,0,0,0.0036,Faible,851.55,Réguliers
32,1,1,0.9903,Critique,0.0,Dormants
33,0,0,0.0003,Faible,0.0,Réguliers
34,1,1,0.9955,Critique,0.0,Dormants
35,0,0,0.0027,Faible,0.0,Réguliers
36,0,0,0.004,Faible,0.0,Réguliers
37,0,0,0.0022,Faible,0.0,Réguliers
38,0,0,0.0031,Faible,853.02,Réguliers
39,1,1,0.9984,Critique,0.0,Dormants
40,1,1,0.9977,Critique,0.0,Réguliers
41,1,1,0.9996,Critique,0.0,Dormants
42,0,0,0.0024,Faible,0.0,Réguliers
43,1,1,0.9996,Critique,0.0,Dormants
44,1,1,0.9978,Critique,0.0,Réguliers
45,1,1,0.9967,Critique,0.0,Dormants
46,0,0,0.0058,Faible,0.0,Réguliers
47,0,0,0.0034,Faible,0.0,Réguliers
48,0,0,0.0066,Faible,0.0,Réguliers
49,1,1,0.9993,Critique,0.0,Dormants
50,1,1,0.997,Critique,0.0,Réguliers
51,0,0,0.0031,Faible,0.0,Réguliers
52,0,0,0.0023,Faible,0.0,Réguliers
53,0,0,0.0034,Faible,0.0,Réguliers
54,0,0,0.0026,Faible,854.85,Réguliers
55,1,1,0.9991,Critique,0.0,Dormants
56,0,0,0.0018,Faible,0.0,Réguliers
57,1,1,0.9995,Critique,0.0,Dormants
58,1,1,0.9856,Critique,4.01,Dormants
59,0,0,0.0003,Faible,851.55,Réguliers
60,0,0,0.0041,Faible,854.98,Réguliers
61,1,1,0.9984,Critique,0.0,Dormants
62,1,1,0.998,Critique,0.0,Réguliers
63,1,1,0.9974,Critique,0.0,Réguliers
64,0,0,0.0016,Faible,0.0,Réguliers
65,0,0,0.0036,Faible,853.88,Réguliers
66,0,0,0.002,Faible,0.0,Réguliers
67,1,1,0.9991,Critique,0.0,Dormants
68,1,0,0.3139,Moyen,848.31,Dormants
69,0,0,0.0052,Faible,0.0,Réguliers
70,1,1,0.9995,Critique,0.0,Dormants
71,1,1,0.9973,Critique,4.47,Dormants
72,0,0,0.0016,Faible,0.0,Réguliers
73,1,1,0.9996,Critique,0.0,Dormants
74,0,0,0.0021,Faible,0.0,Réguliers
75,0,0,0.0026,Faible,0.0,Réguliers
76,0,0,0.0024,Faible,0.0,Réguliers
77,0,0,0.0021,Faible,0.0,Réguliers
78,0,0,0.0034,Faible,0.0,Réguliers
79,0,0,0.0016,Faible,3.57,Réguliers
80,0,0,0.0498,Faible,854.85,Réguliers
81,1,1,0.9975,Critique,0.0,Réguliers
82,0,0,0.0026,Faible,0.0,Réguliers
83,0,0,0.003,Faible,0.0,Réguliers
84,1,1,0.9995,Critique,0.0,Dormants
85,0,0,0.0036,Faible,0.0,Réguliers
86,0,0,0.0013,Faible,0.0,Réguliers
87,0,0,0.0031,Faible,851.55,Réguliers
88,0,0,0.0024,Faible,0.0,Réguliers
89,0,0,0.0029,Faible,0.0,Réguliers
90,1,1,0.9995,Critique,0.0,Dormants
91,0,0,0.0017,Faible,0.0,Réguliers
92,1,1,0.9995,Critique,0.0,Dormants
93,1,1,0.9996,Critique,0.0,Dormants
94,0,0,0.0021,Faible,850.07,Réguliers
95,0,0,0.0042,Faible,3.57,Réguliers
96,0,0,0.0515,Faible,851.55,Réguliers
97,0,0,0.002,Faible,0.0,Réguliers
98,0,0,0.0019,Faible,0.0,Réguliers
99,0,0,0.0004,Faible,0.0,Réguliers
100,0,0,0.0003,Faible,851.55,Réguliers
101,0,0,0.0047,Faible,848.26,Réguliers
102,0,0,0.0031,Faible,0.0,Réguliers
103,1,1,0.9975,Critique,0.0,Dormants
104,0,0,0.0029,Faible,862.22,Réguliers
105,0,0,0.002,Faible,0.0,Réguliers
106,0,0,0.0054,Faible,0.0,Réguliers
107,0,0,0.0026,Faible,0.0,Réguliers
108,0,0,0.002,Faible,0.0,Réguliers
109,0,0,0.0023,Faible,4.79,Réguliers
110,0,0,0.0022,Faible,0.0,Réguliers
111,0,0,0.0003,Faible,0.0,Réguliers
112,0,0,0.0004,Faible,861.02,Réguliers
113,0,0,0.0027,Faible,851.55,Réguliers
114,0,0,0.0015,Faible,852.66,Réguliers
115,0,0,0.0035,Faible,0.0,Réguliers
116,0,0,0.0017,Faible,0.0,Réguliers
117,0,0,0.0021,Faible,0.0,Réguliers
118,1,1,0.9987,Critique,4.92,Réguliers
119,0,0,0.0014,Faible,0.0,Réguliers
120,1,1,0.9994,Critique,0.0,Dormants
121,0,0,0.0023,Faible,0.0,Réguliers
122,1,1,0.9995,Critique,0.0,Dormants
123,1,1,0.9976,Critique,0.0,Réguliers
124,0,0,0.0004,Faible,0.0,Réguliers
125,1,1,0.9995,Critique,0.0,Dormants
126,1,1,0.9983,Critique,18.34,Dormants
127,0,0,0.0021,Faible,0.0,Réguliers
128,0,0,0.0016,Faible,0.0,Réguliers
129,0,0,0.0496,Faible,0.0,Réguliers
130,0,0,0.0022,Faible,0.0,Réguliers
131,0,0,0.0022,Faible,0.0,Réguliers
132,0,0,0.0038,Faible,0.0,Réguliers
133,0,0,0.0022,Faible,0.0,Réguliers
134,0,0,0.0022,Faible,0.0,Réguliers
135,0,0,0.0002,Faible,0.0,Réguliers
136,0,0,0.0014,Faible,0.0,Réguliers
137,0,0,0.0027,Faible,806.24,Réguliers
138,0,0,0.0053,Faible,0.0,Réguliers
139,1,1,0.9995,Critique,0.0,Dormants
140,0,0,0.0018,Faible,0.0,Réguliers
141,0,0,0.0017,Faible,851.55,Réguliers
142,0,0,0.0013,Faible,0.0,Réguliers
143,0,0,0.0025,Faible,4.01,Réguliers
144,0,0,0.002,Faible,0.0,Réguliers
145,0,0,0.0004,Faible,0.0,Réguliers
146,0,0,0.0022,Faible,681.07,Réguliers
147,0,0,0.031,Faible,851.55,Champions
148,1,1,0.9962,Critique,0.0,Réguliers
149,0,0,0.002,Faible,0.0,Réguliers
150,0,0,0.0021,Faible,0.0,Réguliers
151,0,0,0.0071,Faible,851.6,Réguliers
152,0,0,0.0024,Faible,0.0,Réguliers
153,1,1,0.9997,Critique,0.0,Dormants
154,1,1,0.9994,Critique,0.0,Dormants
155,1,1,0.9993,Critique,0.0,Dormants
156,0,0,0.0069,Faible,852.6,Champions
157,0,0,0.0016,Faible,851.6,Réguliers
158,1,1,0.9997,Critique,0.0,Dormants
159,1,1,0.9997,Critique,0.0,Dormants
160,0,0,0.0057,Faible,0.0,Réguliers
161,0,0,0.0017,Faible,0.0,Réguliers
162,0,0,0.0028,Faible,0.0,Réguliers
163,0,0,0.0282,Faible,848.26,Réguliers
164,0,0,0.0059,Faible,0.0,Réguliers
165,0,0,0.0042,Faible,0.0,Réguliers
166,0,0,0.0018,Faible,0.0,Réguliers
167,1,1,0.9995,Critique,0.0,Dormants
168,0,0,0.0157,Faible,0.0,Réguliers
169,1,1,0.9993,Critique,0.0,Dormants
170,1,1,0.9995,Critique,0.0,Dormants
171,0,0,0.003,Faible,0.0,Réguliers
172,0,0,0.0038,Faible,0.0,Réguliers
173,0,0,0.0035,Faible,851.6,Réguliers
174,0,0,0.0003,Faible,0.0,Réguliers
175,1,1,0.9998,Critique,0.0,Dormants
176,1,1,0.9982,Critique,0.0,Dormants
177,0,0,0.0026,Faible,0.0,Réguliers
178,0,0,0.0023,Faible,0.78,Réguliers
179,0,0,0.0024,Faible,0.0,Réguliers
180,1,1,0.9992,Critique,0.0,Réguliers
181,0,0,0.0014,Faible,0.0,Réguliers
182,0,0,0.0014,Faible,0.0,Réguliers
183,1,1,0.9984,Critique,0.0,Réguliers
184,0,0,0.0017,Faible,0.0,Réguliers
185,0,0,0.0012,Faible,803.95,Réguliers
186,1,1,0.9995,Critique,0.0,Dormants
187,0,0,0.0042,Faible,0.0,Réguliers
188,0,0,0.0019,Faible,0.0,Réguliers
189,1,1,0.9993,Critique,0.0,Dormants
190,0,0,0.0005,Faible,851.55,Réguliers
191,0,0,0.0021,Faible,0.0,Réguliers
192,1,1,0.9997,Critique,0.0,Dormants
193,0,0,0.0003,Faible,851.55,Réguliers
194,0,0,0.0218,Faible,859.7,Réguliers
195,0,0,0.0018,Faible,0.0,Réguliers
196,0,0,0.0357,Faible,851.55,Réguliers
197,1,1,0.9978,Critique,0.0,Réguliers
198,0,0,0.0187,Faible,851.55,Réguliers
199,0,0,0.0196,Faible,853.88,Réguliers
200,1,1,0.9993,Critique,4.92,Dormants
201,0,0,0.0055,Faible,0.0,Réguliers
202,0,0,0.0026,Faible,0.0,Réguliers
203,1,1,0.9978,Critique,0.0,Réguliers
204,1,1,0.9834,Critique,0.0,Dormants
205,0,0,0.0016,Faible,0.0,Réguliers
206,0,0,0.0025,Faible,848.26,Réguliers
207,0,0,0.017,Faible,853.88,Réguliers
208,0,0,0.0028,Faible,851.55,Réguliers
209,1,1,0.9992,Critique,0.0,Dormants
210,0,0,0.0382,Faible,809.98,Réguliers
211,0,0,0.003,Faible,853.35,Champions
212,0,0,0.0024,Faible,851.55,Réguliers
213,0,0,0.0034,Faible,0.0,Réguliers
214,0,0,0.0018,Faible,0.0,Réguliers
215,0,0,0.0036,Faible,0.0,Réguliers
216,0,0,0.0003,Faible,0.0,Réguliers
217,1,1,0.9964,Critique,0.0,Dormants
218,1,1,0.9995,Critique,0.0,Dormants
219,1,1,0.999,Critique,0.0,Dormants
220,1,1,0.9992,Critique,3.76,Dormants
221,0,0,0.0032,Faible,851.55,Réguliers
222,1,1,0.9991,Critique,0.0,Réguliers
223,0,0,0.0019,Faible,0.0,Réguliers
224,0,0,0.003,Faible,0.0,Réguliers
225,1,1,0.9979,Critique,851.55,Réguliers
226,0,0,0.0017,Faible,853.02,Réguliers
227,0,0,0.0018,Faible,0.0,Réguliers
228,0,0,0.0007,Faible,0.0,Réguliers
229,0,0,0.0045,Faible,0.0,Réguliers
230,0,0,0.0029,Faible,0.0,Réguliers
231,0,0,0.0003,Faible,0.0,Réguliers
232,0,0,0.0026,Faible,851.55,Réguliers
233,0,0,0.0005,Faible,851.6,Réguliers
234,0,0,0.0015,Faible,0.0,Réguliers
235,0,0,0.0055,Faible,861.18,Réguliers
236,0,0,0.0003,Faible,0.0,Réguliers
237,0,0,0.0014,Faible,0.0,Réguliers
238,1,1,0.9989,Critique,0.0,Dormants
239,0,0,0.0002,Faible,0.0,Réguliers
240,0,0,0.0126,Faible,849.78,Réguliers
241,1,1,0.9995,Critique,0.0,Dormants
242,0,0,0.0002,Faible,1.26,Réguliers
243,1,1,0.9993,Critique,0.0,Dormants
244,1,1,0.9996,Critique,0.0,Dormants
245,0,0,0.0002,Faible,0.0,Réguliers
246,0,0,0.0035,Faible,0.0,Réguliers
247,0,0,0.001,Faible,0.0,Réguliers
248,1,1,0.9981,Critique,0.0,Réguliers
249,1,1,0.9992,Critique,0.0,Réguliers
250,0,0,0.0059,Faible,851.55,Réguliers
251,0,0,0.0051,Faible,0.0,Réguliers
252,0,0,0.0018,Faible,0.0,Réguliers
253,1,1,0.9994,Critique,0.0,Dormants
254,0,0,0.0061,Faible,0.0,Réguliers
255,0,0,0.0002,Faible,0.0,Réguliers
256,0,0,0.0002,Faible,0.0,Réguliers
257,0,0,0.0025,Faible,851.55,Réguliers
258,0,0,0.0003,Faible,0.0,Réguliers
259,1,1,0.9995,Critique,0.0,Dormants
260,0,0,0.0024,Faible,0.0,Réguliers
261,1,1,0.9995,Critique,0.0,Dormants
262,0,0,0.0005,Faible,851.55,Réguliers
263,1,1,0.9981,Critique,0.0,Dormants
264,0,0,0.0026,Faible,0.0,Réguliers
265,1,1,0.9974,Critique,0.0,Réguliers
266,0,0,0.0043,Faible,854.85,Réguliers
267,0,0,0.0035,Faible,4.61,Réguliers
268,0,0,0.0029,Faible,0.0,Réguliers
269,1,1,0.9997,Critique,0.0,Dormants
270,1,1,0.999,Critique,0.0,Dormants
271,1,1,0.9995,Critique,0.0,Dormants
272,0,0,0.0024,Faible,0.0,Réguliers
273,1,1,0.9996,Critique,0.0,Dormants
274,0,0,0.0049,Faible,0.0,Réguliers
275,0,0,0.0111,Faible,850.64,Réguliers
276,1,1,0.9994,Critique,0.0,Dormants
277,1,1,0.9995,Critique,0.0,Dormants
278,1,1,0.9995,Critique,0.0,Dormants
279,0,0,0.0034,Faible,828.7,Réguliers
280,0,0,0.0026,Faible,0.0,Réguliers
281,0,0,0.0014,Faible,0.0,Réguliers
282,1,1,0.9995,Critique,0.0,Dormants
283,0,0,0.0019,Faible,0.0,Réguliers
284,1,1,0.9984,Critique,0.0,Dormants
285,0,0,0.0002,Faible,0.0,Réguliers
286,0,0,0.0005,Faible,0.0,Réguliers
287,0,0,0.0017,Faible,0.0,Réguliers
288,1,1,0.9909,Critique,0.0,Réguliers
289,0,0,0.0044,Faible,0.0,Réguliers
290,1,1,0.9997,Critique,0.0,Dormants
291,0,0,0.0031,Faible,0.0,Réguliers
292,0,0,0.0017,Faible,851.55,Réguliers
293,0,0,0.0033,Faible,851.55,Réguliers
294,0,0,0.0034,Faible,0.0,Réguliers
295,0,0,0.0002,Faible,0.0,Réguliers
296,1,1,0.9996,Critique,0.0,Dormants
297,0,0,0.0022,Faible,0.0,Réguliers
298,1,1,0.9975,Critique,0.0,Réguliers
299,1,1,0.998,Critique,0.0,Réguliers
300,0,0,0.0028,Faible,0.0,Réguliers
301,0,0,0.0017,Faible,0.0,Réguliers
302,0,0,0.0025,Faible,0.0,Réguliers
303,0,0,0.0009,Faible,853.88,Réguliers
304,1,1,0.9975,Critique,0.0,Dormants
305,0,0,0.0037,Faible,0.0,Réguliers
306,1,1,0.9996,Critique,0.0,Dormants
307,0,0,0.0022,Faible,0.0,Réguliers
308,0,0,0.0016,Faible,0.0,Réguliers
309,0,0,0.0021,Faible,0.0,Réguliers
310,0,0,0.0019,Faible,0.0,Réguliers
311,0,0,0.002,Faible,0.0,Réguliers
312,1,1,0.9976,Critique,0.0,Réguliers
313,1,1,0.9995,Critique,0.0,Dormants
314,1,1,0.9995,Critique,0.0,Dormants
315,0,0,0.0004,Faible,0.0,Réguliers
316,0,0,0.0003,Faible,0.0,Réguliers
317,0,0,0.0021,Faible,0.0,Réguliers
318,0,0,0.002,Faible,0.0,Réguliers
319,0,0,0.0056,Faible,860.04,Réguliers
320,0,0,0.0051,Faible,0.0,Réguliers
321,0,0,0.0019,Faible,0.0,Réguliers
322,0,0,0.0023,Faible,854.08,Réguliers
323,1,1,0.9982,Critique,0.0,Réguliers
324,0,0,0.0049,Faible,848.26,Réguliers
325,0,0,0.0022,Faible,0.0,Réguliers
326,0,0,0.0026,Faible,0.0,Réguliers
327,0,0,0.0045,Faible,857.14,Réguliers
328,0,0,0.0356,Faible,854.85,Réguliers
329,1,1,0.9984,Critique,0.0,Dormants
330,1,1,0.9996,Critique,0.0,Dormants
331,1,1,0.9997,Critique,4.66,Dormants
332,1,1,0.9988,Critique,0.0,Réguliers
333,0,0,0.002,Faible,0.0,Réguliers
334,1,1,0.9951,Critique,0.0,Réguliers
335,0,0,0.0015,Faible,0.0,Réguliers
336,0,0,0.0024,Faible,0.0,Réguliers
337,0,0,0.0033,Faible,0.0,Réguliers
338,1,1,0.9988,Critique,0.0,Dormants
339,0,0,0.0008,Faible,0.0,Réguliers
340,0,0,0.0018,Faible,0.0,Réguliers
341,0,0,0.0019,Faible,0.0,Réguliers
342,0,0,0.0017,Faible,0.0,Réguliers
343,1,1,0.9994,Critique,0.0,Dormants
344,0,0,0.0019,Faible,851.55,Réguliers
345,1,1,0.9981,Critique,0.0,Dormants
346,1,1,0.9542,Critique,0.0,Réguliers
347,1,1,0.9997,Critique,0.0,Dormants
348,0,0,0.0025,Faible,851.6,Réguliers
349,0,0,0.0019,Faible,0.0,Réguliers
350,1,1,0.9988,Critique,0.0,Dormants
351,0,0,0.0037,Faible,0.0,Réguliers
352,0,0,0.0017,Faible,857.01,Réguliers
353,1,1,0.9994,Critique,0.0,Dormants
354,0,0,0.0031,Faible,0.0,Réguliers
355,0,0,0.042,Faible,853.02,Réguliers
356,0,0,0.002,Faible,809.27,Réguliers
357,0,0,0.0023,Faible,851.55,Réguliers
358,0,0,0.0013,Faible,0.0,Réguliers
359,0,0,0.0029,Faible,0.0,Réguliers
360,0,0,0.0015,Faible,0.0,Réguliers
361,0,0,0.0239,Faible,851.6,Réguliers
362,0,0,0.0019,Faible,0.0,Réguliers
363,0,0,0.0012,Faible,0.0,Réguliers
364,1,1,0.9979,Critique,0.0,Réguliers
365,0,0,0.003,Faible,0.0,Réguliers
366,0,0,0.0023,Faible,0.0,Réguliers
367,0,0,0.0039,Faible,0.0,Réguliers
368,0,0,0.0003,Faible,0.0,Réguliers
369,1,1,0.9993,Critique,0.0,Dormants
370,0,0,0.0022,Faible,0.0,Réguliers
371,1,1,0.9993,Critique,0.0,Dormants
372,1,1,0.9846,Critique,853.88,Réguliers
373,0,0,0.0033,Faible,0.0,Réguliers
374,1,1,0.9933,Critique,0.0,Réguliers
375,1,1,0.9995,Critique,0.0,Dormants
376,1,1,0.9389,Critique,4.79,Réguliers
377,1,1,0.9979,Critique,0.0,Dormants
378,0,0,0.0017,Faible,851.55,Réguliers
379,1,1,0.9992,Critique,0.0,Dormants
380,1,1,0.9992,Critique,0.0,Réguliers
381,1,1,0.9993,Critique,0.0,Réguliers
382,1,1,0.999,Critique,18.72,Dormants
383,0,0,0.0033,Faible,0.0,Réguliers
384,1,1,0.9996,Critique,0.0,Dormants
385,0,0,0.0011,Faible,851.55,Réguliers
386,0,0,0.0101,Faible,18.95,Réguliers
387,0,0,0.0029,Faible,811.49,Réguliers
388,0,0,0.0023,Faible,0.0,Réguliers
389,1,1,0.9993,Critique,4.66,Dormants
390,0,0,0.0017,Faible,0.0,Réguliers
391,1,1,0.9991,Critique,4.92,Dormants
392,0,0,0.0018,Faible,0.0,Réguliers
393,0,0,0.0039,Faible,0.0,Réguliers
394,0,0,0.0022,Faible,0.0,Réguliers
395,0,0,0.0044,Faible,0.0,Réguliers
396,0,0,0.0034,Faible,0.0,Réguliers
397,1,1,0.9995,Critique,0.0,Dormants
398,0,0,0.0026,Faible,0.0,Réguliers
399,0,0,0.0019,Faible,3.76,Réguliers
400,0,0,0.2009,Faible,851.55,Réguliers
401,0,0,0.0003,Faible,0.0,Réguliers
402,0,0,0.0045,Faible,851.6,Réguliers
403,0,0,0.0231,Faible,851.55,Réguliers
404,0,0,0.0014,Faible,0.0,Réguliers
405,1,1,0.9995,Critique,0.0,Dormants
406,0,0,0.0023,Faible,0.0,Réguliers
407,0,0,0.0018,Faible,0.0,Réguliers
408,0,0,0.0023,Faible,0.0,Réguliers
409,1,1,0.9943,Critique,0.0,Réguliers
410,0,0,0.002,Faible,0.0,Réguliers
411,1,1,0.9994,Critique,0.0,Dormants
412,0,0,0.003,Faible,717.99,Réguliers
413,1,1,0.9991,Critique,0.0,Dormants
414,0,0,0.0016,Faible,785.34,Réguliers
415,1,1,0.9991,Critique,0.0,Dormants
416,1,1,0.998,Critique,0.0,Réguliers
417,0,0,0.0033,Faible,4.13,Réguliers
418,1,1,0.9996,Critique,0.0,Dormants
419,0,0,0.0023,Faible,0.0,Réguliers
420,0,0,0.0019,Faible,0.0,Réguliers
421,1,1,0.9989,Critique,0.0,Réguliers
422,0,0,0.0017,Faible,0.0,Réguliers
423,0,0,0.0003,Faible,851.55,Réguliers
424,0,0,0.0021,Faible,0.0,Réguliers
425,1,1,0.9976,Critique,19.2,Réguliers
426,0,0,0.0002,Faible,0.0,Réguliers
427,1,1,0.9996,Critique,0.0,Dormants
428,0,0,0.0044,Faible,0.0,Réguliers
429,0,0,0.0025,Faible,0.0,Réguliers
430,0,0,0.0015,Faible,0.0,Réguliers
431,0,0,0.0023,Faible,4.07,Réguliers
432,0,0,0.0028,Faible,0.0,Réguliers
433,0,0,0.0069,Faible,3.2,Réguliers
434,0,0,0.0018,Faible,0.0,Réguliers
435,1,1,0.9993,Critique,0.0,Dormants
436,1,1,0.9994,Critique,0.0,Dormants
437,0,0,0.0002,Faible,0.0,Réguliers
438,0,0,0.0037,Faible,0.0,Réguliers
439,0,0,0.0017,Faible,0.0,Réguliers
440,0,0,0.0027,Faible,0.0,Réguliers
441,0,0,0.0002,Faible,0.0,Réguliers
442,0,0,0.0014,Faible,852.68,Réguliers
443,0,0,0.0041,Faible,971.82,Champions
444,0,0,0.0032,Faible,0.0,Réguliers
445,0,0,0.0017,Faible,0.0,Réguliers
446,0,0,0.0026,Faible,0.0,Réguliers
447,1,1,0.9996,Critique,0.0,Dormants
448,0,0,0.0018,Faible,0.0,Réguliers
449,1,1,0.9996,Critique,0.0,Dormants
450,0,0,0.0029,Faible,0.0,Réguliers
451,0,0,0.0003,Faible,0.0,Réguliers
452,0,0,0.0029,Faible,852.6,Champions
453,1,1,0.9985,Critique,0.0,Dormants
454,0,0,0.1329,Faible,853.93,Réguliers
455,0,0,0.0019,Faible,0.0,Réguliers
456,0,0,0.0013,Faible,0.0,Réguliers
457,0,0,0.0026,Faible,0.0,Réguliers
458,0,0,0.0033,Faible,848.26,Réguliers
459,0,0,0.0019,Faible,0.0,Réguliers
460,1,1,0.9952,Critique,0.0,Dormants
461,1,1,0.9996,Critique,0.0,Dormants
462,0,0,0.0036,Faible,848.26,Réguliers
463,1,1,0.9997,Critique,0.0,Dormants
464,1,1,0.9989,Critique,0.0,Dormants
465,1,1,0.9998,Critique,0.0,Dormants
466,1,1,0.9972,Critique,0.0,Réguliers
467,0,0,0.0021,Faible,0.0,Réguliers
468,0,0,0.0835,Faible,851.55,Réguliers
469,1,1,0.9989,Critique,0.0,Dormants
470,0,0,0.0004,Faible,0.0,Réguliers
471,0,0,0.003,Faible,0.0,Réguliers
472,0,0,0.0019,Faible,0.0,Réguliers
473,0,0,0.0003,Faible,851.55,Réguliers
474,1,1,0.9986,Critique,0.0,Réguliers
475,0,0,0.0019,Faible,0.0,Réguliers
476,0,0,0.0006,Faible,0.0,Réguliers
477,0,0,0.0074,Faible,0.0,Réguliers
478,1,1,0.9985,Critique,19.57,Réguliers
479,0,0,0.0032,Faible,0.0,Réguliers
480,1,1,0.9993,Critique,0.0,Dormants
481,1,1,0.9973,Critique,19.12,Dormants
482,1,1,0.9989,Critique,0.0,Réguliers
483,1,1,0.9995,Critique,0.0,Dormants
484,0,0,0.0216,Faible,853.4,Champions
485,1,1,0.9997,Critique,0.0,Dormants
486,0,0,0.003,Faible,0.0,Réguliers
487,1,1,0.9989,Critique,0.0,Réguliers
488,0,0,0.0279,Faible,851.55,Réguliers
489,1,1,0.9996,Critique,0.0,Dormants
490,1,1,0.9994,Critique,4.92,Dormants
491,0,0,0.0014,Faible,0.0,Réguliers
492,0,0,0.002,Faible,0.0,Réguliers
493,0,0,0.1135,Faible,0.0,Réguliers
494,1,1,0.9996,Critique,0.0,Dormants
495,0,0,0.0037,Faible,0.0,Réguliers
496,0,0,0.0024,Faible,0.0,Réguliers
497,1,1,0.9995,Critique,0.0,Dormants
498,0,0,0.0019,Faible,0.0,Réguliers
499,0,0,0.0021,Faible,0.0,Réguliers
500,0,0,0.0019,Faible,0.0,Réguliers
501,0,0,0.0017,Faible,0.0,Réguliers
502,1,1,0.9995,Critique,0.0,Dormants
503,0,0,0.0044,Faible,0.0,Réguliers
504,1,1,0.9986,Critique,0.0,Dormants
505,1,1,0.9996,Critique,0.0,Dormants
506,1,1,0.9993,Critique,0.0,Dormants
507,0,0,0.0002,Faible,0.0,Réguliers
508,0,0,0.0003,Faible,0.0,Réguliers
509,1,1,0.9995,Critique,0.0,Dormants
510,0,0,0.0014,Faible,0.0,Réguliers
511,0,0,0.0022,Faible,0.0,Réguliers
512,1,1,0.9906,Critique,0.0,Dormants
513,1,1,0.9989,Critique,0.0,Dormants
514,0,0,0.0028,Faible,0.0,Réguliers
515,1,1,0.9995,Critique,0.0,Dormants
516,0,0,0.0022,Faible,0.0,Réguliers
517,0,0,0.0002,Faible,0.0,Réguliers
518,1,1,0.9995,Critique,0.0,Dormants
519,0,0,0.0092,Faible,0.0,Réguliers
520,1,1,0.9987,Critique,4.92,Réguliers
521,0,0,0.0037,Faible,0.0,Réguliers
522,0,0,0.0027,Faible,0.0,Réguliers
523,1,1,0.9973,Critique,0.0,Dormants
524,1,1,0.9915,Critique,0.0,Réguliers
525,1,1,0.9995,Critique,0.0,Dormants
526,0,0,0.002,Faible,0.0,Réguliers
527,1,1,0.9991,Critique,0.0,Dormants
528,0,0,0.0002,Faible,0.0,Réguliers
529,0,0,0.0116,Faible,3.81,Réguliers
530,0,0,0.0022,Faible,0.0,Réguliers
531,1,1,0.9989,Critique,0.0,Dormants
532,0,0,0.0028,Faible,0.0,Réguliers
533,0,0,0.0018,Faible,0.0,Réguliers
534,0,0,0.0003,Faible,0.0,Réguliers
535,0,0,0.002,Faible,0.0,Réguliers
536,0,0,0.0043,Faible,1645.93,VIP
537,1,1,0.9996,Critique,0.0,Dormants
538,0,0,0.0041,Faible,4.6,Réguliers
539,0,0,0.0021,Faible,0.0,Réguliers
540,0,0,0.0033,Faible,0.0,Réguliers
541,1,1,0.9974,Critique,0.0,Réguliers
542,0,0,0.0021,Faible,0.0,Réguliers
543,0,0,0.0013,Faible,0.0,Réguliers
544,1,1,0.9983,Critique,0.0,Dormants
545,0,0,0.0019,Faible,854.85,Réguliers
546,0,0,0.0025,Faible,853.02,Réguliers
547,0,0,0.0027,Faible,0.0,Réguliers
548,0,0,0.0022,Faible,0.0,Réguliers
549,0,0,0.0024,Faible,853.07,Réguliers
550,0,0,0.0041,Faible,0.0,Réguliers
551,1,1,0.9996,Critique,0.0,Dormants
552,0,0,0.0028,Faible,0.0,Réguliers
553,1,1,0.9995,Critique,0.0,Dormants
554,0,0,0.0036,Faible,890.47,Champions
555,0,0,0.0017,Faible,0.0,Réguliers
556,0,0,0.0027,Faible,0.0,Réguliers
557,1,1,0.9973,Critique,0.0,Dormants
558,1,1,0.9994,Critique,0.0,Dormants
559,1,1,0.9995,Critique,0.0,Dormants
560,1,1,0.9978,Critique,0.0,Dormants
561,1,1,0.9995,Critique,0.0,Dormants
562,0,0,0.0002,Faible,0.0,Réguliers
563,0,0,0.0048,Faible,5.44,Réguliers
564,0,0,0.0038,Faible,853.02,Réguliers
565,0,0,0.0057,Faible,0.0,Réguliers
566,1,1,0.9995,Critique,0.0,Dormants
567,0,0,0.0023,Faible,0.0,Réguliers
568,1,1,0.9992,Critique,0.0,Dormants
569,1,1,0.9835,Critique,853.02,Réguliers
570,0,0,0.0014,Faible,851.21,Réguliers
571,0,0,0.0022,Faible,0.0,Réguliers
572,0,0,0.0079,Faible,851.55,Réguliers
573,0,0,0.0033,Faible,0.0,Réguliers
574,0,0,0.0004,Faible,5.38,Réguliers
575,0,0,0.0022,Faible,0.0,Réguliers
576,0,0,0.0024,Faible,851.55,Réguliers
577,0,0,0.0011,Faible,0.0,Réguliers
578,1,1,0.999,Critique,0.0,Réguliers
579,0,0,0.0003,Faible,854.08,Réguliers
580,0,0,0.0022,Faible,0.0,Réguliers
581,1,1,0.9985,Critique,0.0,Dormants
582,0,0,0.0034,Faible,0.0,Réguliers
583,0,0,0.0039,Faible,0.0,Réguliers
584,0,0,0.0055,Faible,851.55,Réguliers
585,0,0,0.0021,Faible,0.0,Réguliers
586,1,1,0.9993,Critique,0.0,Dormants
587,0,0,0.0023,Faible,3.57,Réguliers
588,0,0,0.012,Faible,851.55,Réguliers
589,1,1,0.9996,Critique,0.0,Dormants
590,0,0,0.0019,Faible,0.0,Réguliers
591,1,1,0.9996,Critique,0.0,Dormants
592,1,1,0.9993,Critique,0.0,Dormants
593,1,1,0.9972,Critique,18.47,Réguliers
594,0,0,0.003,Faible,851.55,Réguliers
595,0,0,0.0003,Faible,0.0,Réguliers
596,0,0,0.0023,Faible,851.55,Réguliers
597,0,0,0.0046,Faible,0.0,Réguliers
598,0,0,0.0036,Faible,0.0,Réguliers
599,1,1,0.9996,Critique,0.0,Dormants
600,0,0,0.0002,Faible,0.0,Réguliers
601,0,0,0.0002,Faible,0.0,Réguliers
602,1,1,0.9992,Critique,0.0,Dormants
603,0,0,0.0018,Faible,857.76,Réguliers
604,1,1,0.9992,Critique,0.0,Dormants
605,0,0,0.0023,Faible,852.6,Champions
606,0,0,0.002,Faible,0.0,Réguliers
607,0,0,0.0041,Faible,855.99,Réguliers
608,0,0,0.0018,Faible,0.0,Réguliers
609,0,0,0.0015,Faible,3.7,Réguliers
610,0,0,0.0046,Faible,0.0,Réguliers
611,0,0,0.0018,Faible,851.6,Réguliers
612,0,0,0.0026,Faible,0.0,Réguliers
613,1,1,0.9988,Critique,851.74,Dormants
614,0,0,0.0024,Faible,0.0,Réguliers
615,0,0,0.0027,Faible,0.0,Réguliers
616,1,1,0.9976,Critique,0.0,Réguliers
617,0,0,0.0024,Faible,0.0,Réguliers
618,0,0,0.0005,Faible,0.0,Réguliers
619,1,1,0.999,Critique,0.0,Réguliers
620,0,0,0.0027,Faible,0.0,Réguliers
621,0,0,0.0133,Faible,854.08,Réguliers
622,1,1,0.9989,Critique,6.14,Réguliers
623,1,1,0.9994,Critique,0.0,Dormants
624,0,0,0.0018,Faible,0.0,Réguliers
625,0,0,0.002,Faible,0.0,Réguliers
626,0,0,0.0041,Faible,0.0,Réguliers
627,0,0,0.0019,Faible,0.0,Réguliers
628,0,0,0.0028,Faible,848.26,Réguliers
629,1,1,0.9995,Critique,0.0,Dormants
630,0,0,0.0013,Faible,0.0,Réguliers
631,1,1,0.998,Critique,0.0,Dormants
632,0,0,0.0018,Faible,0.0,Réguliers
633,0,0,0.0022,Faible,852.6,Réguliers
634,0,0,0.0049,Faible,0.0,Réguliers
635,0,0,0.0005,Faible,0.0,Réguliers
636,1,1,0.9937,Critique,0.0,Dormants
637,1,1,0.9985,Critique,0.0,Dormants
638,0,0,0.0002,Faible,0.0,Réguliers
639,1,1,0.9996,Critique,0.0,Dormants
640,0,0,0.0915,Faible,0.0,Réguliers
641,1,1,0.9992,Critique,0.0,Dormants
642,0,0,0.0037,Faible,0.0,Réguliers
643,1,1,0.9984,Critique,0.0,Dormants
644,0,0,0.0003,Faible,0.0,Réguliers
645,1,1,0.9906,Critique,0.0,Dormants
646,0,0,0.0026,Faible,851.6,Réguliers
647,0,0,0.0002,Faible,0.0,Réguliers
648,0,0,0.0018,Faible,854.85,Réguliers
649,1,1,0.9992,Critique,0.0,Dormants
650,1,1,0.9994,Critique,0.0,Dormants
651,1,1,0.9991,Critique,0.0,Dormants
652,0,0,0.0022,Faible,0.0,Réguliers
653,0,0,0.0023,Faible,0.0,Réguliers
654,0,0,0.0019,Faible,0.0,Réguliers
655,0,0,0.0023,Faible,855.93,Réguliers
656,1,1,0.9972,Critique,0.0,Réguliers
657,0,0,0.0003,Faible,0.0,Réguliers
658,0,0,0.003,Faible,0.0,Réguliers
659,0,0,0.0025,Faible,0.0,Réguliers
660,0,0,0.0003,Faible,0.0,Réguliers
661,1,1,0.9995,Critique,0.0,Dormants
662,0,0,0.0002,Faible,0.0,Réguliers
663,1,1,0.9991,Critique,0.0,Dormants
664,1,1,0.9974,Critique,0.0,Réguliers
665,0,0,0.0021,Faible,0.0,Réguliers
666,0,0,0.0014,Faible,0.0,Réguliers
667,0,0,0.0044,Faible,851.55,Réguliers
668,0,0,0.0021,Faible,0.0,Réguliers
669,0,0,0.0018,Faible,0.0,Réguliers
670,0,0,0.0036,Faible,0.0,Réguliers
671,0,0,0.001,Faible,851.6,Réguliers
672,1,1,0.9976,Critique,18.43,Réguliers
673,0,0,0.0019,Faible,0.0,Réguliers
674,1,1,0.9986,Critique,0.0,Dormants
675,1,1,0.9988,Critique,0.0,Réguliers
676,0,0,0.0037,Faible,0.0,Réguliers
677,0,0,0.0044,Faible,0.0,Réguliers
678,0,0,0.0013,Faible,0.0,Réguliers
679,0,0,0.0013,Faible,846.77,Réguliers
680,0,0,0.0014,Faible,851.55,Réguliers
681,1,1,0.9972,Critique,4.6,Réguliers
682,0,0,0.0028,Faible,852.66,Réguliers
683,1,1,0.9991,Critique,0.0,Réguliers
684,0,0,0.0038,Faible,869.85,Réguliers
685,0,0,0.0028,Faible,852.06,Réguliers
686,0,0,0.0028,Faible,0.0,Réguliers
687,1,1,0.9982,Critique,0.0,Réguliers
688,0,0,0.0055,Faible,0.0,Réguliers
689,0,0,0.002,Faible,809.8,Réguliers
690,0,0,0.0003,Faible,4.92,Réguliers
691,1,1,0.9995,Critique,0.0,Dormants
692,0,0,0.0017,Faible,0.0,Réguliers
693,0,0,0.0024,Faible,0.0,Réguliers
694,1,1,0.9992,Critique,0.0,Dormants
695,0,0,0.0031,Faible,0.0,Réguliers
696,0,0,0.0017,Faible,0.0,Réguliers
697,1,1,0.9995,Critique,0.0,Dormants
698,0,0,0.0018,Faible,0.0,Réguliers
699,1,1,0.9998,Critique,0.0,Dormants
700,1,1,0.9983,Critique,0.0,Dormants
701,0,0,0.0021,Faible,0.0,Réguliers
702,1,1,0.9962,Critique,806.31,Dormants
703,0,0,0.0002,Faible,0.0,Réguliers
704,0,0,0.0046,Faible,0.0,Réguliers
705,1,1,0.9998,Critique,0.0,Dormants
706,0,0,0.0035,Faible,0.0,Réguliers
707,1,1,0.9997,Critique,0.0,Dormants
708,0,0,0.0039,Faible,0.0,Réguliers
709,1,1,0.9995,Critique,0.0,Dormants
710,0,0,0.0228,Faible,853.02,Réguliers
711,0,0,0.0017,Faible,0.0,Réguliers
712,0,0,0.0028,Faible,0.0,Réguliers
713,0,0,0.0002,Faible,0.0,Réguliers
714,0,0,0.0018,Faible,0.0,Réguliers
715,0,0,0.0021,Faible,0.0,Réguliers
716,0,0,0.0058,Faible,0.0,Réguliers
717,0,0,0.0021,Faible,852.0,Réguliers
718,1,1,0.9982,Critique,0.0,Réguliers
719,1,1,0.9977,Critique,0.0,Dormants
720,0,0,0.0038,Faible,848.31,Réguliers
721,0,0,0.0025,Faible,848.21,Réguliers
722,1,1,0.9992,Critique,0.0,Dormants
723,0,0,0.0004,Faible,0.0,Réguliers
724,0,0,0.0025,Faible,864.47,Réguliers
725,0,0,0.0027,Faible,853.88,Réguliers
726,1,1,0.9983,Critique,0.0,Réguliers
727,0,0,0.0003,Faible,0.0,Réguliers
728,0,0,0.0026,Faible,0.0,Réguliers
729,0,0,0.0042,Faible,0.0,Réguliers
730,0,0,0.0032,Faible,0.0,Réguliers
731,1,1,0.9994,Critique,0.0,Dormants
732,1,1,0.9994,Critique,0.0,Dormants
733,1,1,0.9994,Critique,0.0,Dormants
734,1,1,0.9998,Critique,0.0,Dormants
735,0,0,0.0031,Faible,0.0,Réguliers
736,0,0,0.0039,Faible,0.0,Réguliers
737,0,0,0.002,Faible,0.0,Réguliers
738,0,0,0.0027,Faible,0.0,Réguliers
739,0,0,0.0307,Faible,3.95,Réguliers
740,0,0,0.0022,Faible,0.0,Réguliers
741,0,0,0.0022,Faible,0.0,Réguliers
742,1,1,0.9996,Critique,0.0,Dormants
743,1,1,0.9996,Critique,0.0,Dormants
744,0,0,0.0003,Faible,0.0,Réguliers
745,0,0,0.0013,Faible,0.0,Réguliers
746,0,0,0.0015,Faible,0.0,Réguliers
747,0,0,0.002,Faible,0.0,Réguliers
748,0,0,0.0029,Faible,0.0,Réguliers
749,1,1,0.9886,Critique,1.83,Réguliers
750,0,0,0.001,Faible,0.0,Réguliers
751,0,0,0.0061,Faible,0.0,Réguliers
752,1,1,0.9989,Critique,0.0,Dormants
753,0,0,0.0053,Faible,4.66,Réguliers
754,0,0,0.0022,Faible,0.0,Réguliers
755,1,1,0.9978,Critique,847.31,Réguliers
756,0,0,0.0134,Faible,857.62,Réguliers
757,0,0,0.0004,Faible,0.0,Réguliers
758,0,0,0.006,Faible,851.55,Réguliers
759,0,0,0.0002,Faible,0.0,Réguliers
760,0,0,0.0006,Faible,851.55,Réguliers
761,0,0,0.0022,Faible,0.0,Réguliers
762,0,0,0.0024,Faible,0.0,Réguliers
763,0,0,0.001,Faible,0.0,Réguliers
764,0,0,0.0023,Faible,853.88,Réguliers
765,0,0,0.002,Faible,0.0,Réguliers
766,1,1,0.9996,Critique,0.0,Dormants
767,0,0,0.0019,Faible,4.48,Réguliers
768,0,0,0.0015,Faible,854.85,Réguliers
769,0,0,0.0019,Faible,0.0,Réguliers
770,0,0,0.0002,Faible,0.0,Réguliers
771,0,0,0.0025,Faible,847.5,Réguliers
772,1,1,0.9994,Critique,0.0,Dormants
773,1,1,0.998,Critique,0.0,Dormants
774,0,0,0.0039,Faible,0.0,Réguliers
775,0,0,0.0002,Faible,0.0,Réguliers
776,0,0,0.001,Faible,851.55,Réguliers
777,1,1,0.9993,Critique,0.0,Dormants
778,1,1,0.9996,Critique,0.0,Dormants
779,1,1,0.9993,Critique,0.0,Réguliers
780,0,0,0.0025,Faible,0.0,Réguliers
781,0,0,0.0035,Faible,0.0,Réguliers
782,0,0,0.0075,Faible,0.0,Réguliers
783,0,0,0.165,Faible,0.0,Réguliers
784,1,1,0.9972,Critique,854.85,Réguliers
785,1,1,0.9992,Critique,0.0,Dormants
786,0,0,0.0099,Faible,851.6,Champions
787,0,0,0.0021,Faible,0.0,Réguliers
788,0,0,0.0037,Faible,854.95,Réguliers
789,0,0,0.0002,Faible,0.0,Réguliers
790,0,0,0.0029,Faible,0.0,Réguliers
791,0,0,0.0027,Faible,0.0,Réguliers
792,1,1,0.9992,Critique,0.0,Dormants
793,1,1,0.9992,Critique,0.0,Dormants
794,0,0,0.0002,Faible,0.0,Réguliers
795,1,1,0.9988,Critique,6.53,Dormants
796,1,1,0.9978,Critique,0.0,Dormants
797,1,1,0.9996,Critique,0.0,Dormants
798,0,0,0.0016,Faible,0.0,Réguliers
799,1,1,0.9996,Critique,0.0,Dormants
800,0,0,0.0039,Faible,0.0,Réguliers
801,1,1,0.9993,Critique,0.0,Dormants
802,0,0,0.002,Faible,0.0,Réguliers
803,1,1,0.9996,Critique,0.0,Dormants
804,0,0,0.0028,Faible,853.48,Réguliers
805,0,0,0.0026,Faible,0.0,Réguliers
806,1,1,0.9994,Critique,0.0,Réguliers
807,1,1,0.9993,Critique,0.0,Dormants
808,0,0,0.0013,Faible,0.0,Réguliers
809,0,0,0.0045,Faible,0.0,Réguliers
810,0,0,0.0027,Faible,0.0,Réguliers
811,1,1,0.999,Critique,0.0,Dormants
812,1,1,0.9994,Critique,0.0,Dormants
813,0,0,0.0133,Faible,849.35,Champions
814,0,0,0.003,Faible,851.55,Réguliers
815,1,1,0.9986,Critique,0.0,Réguliers
816,0,0,0.0026,Faible,5.06,Réguliers
817,0,0,0.0023,Faible,0.0,Réguliers
818,0,0,0.0003,Faible,0.0,Réguliers
819,0,0,0.0036,Faible,849.3,Réguliers
820,0,0,0.0002,Faible,0.0,Réguliers
821,1,1,0.9994,Critique,0.0,Dormants
822,1,1,0.9989,Critique,0.0,Réguliers
823,0,0,0.0019,Faible,0.0,Réguliers
824,0,0,0.0017,Faible,0.0,Réguliers
825,1,1,0.9994,Critique,0.0,Dormants
826,0,0,0.0015,Faible,0.0,Réguliers
827,0,0,0.0018,Faible,0.0,Réguliers
828,1,1,0.9988,Critique,0.0,Dormants
829,1,1,0.9984,Critique,0.0,Réguliers
830,1,1,0.999,Critique,0.0,Réguliers
831,1,1,0.9982,Critique,0.0,Dormants
832,0,0,0.0016,Faible,851.55,Réguliers
833,0,0,0.0019,Faible,0.0,Réguliers
834,0,0,0.0022,Faible,0.0,Réguliers
835,1,1,0.9995,Critique,0.0,Dormants
836,0,0,0.0034,Faible,859.13,Champions
837,0,0,0.0039,Faible,3.76,Réguliers
838,0,0,0.0002,Faible,0.0,Réguliers
839,0,0,0.0015,Faible,0.0,Réguliers
840,0,0,0.0047,Faible,851.55,Réguliers
841,0,0,0.0017,Faible,0.0,Réguliers
842,0,0,0.002,Faible,5.38,Réguliers
843,1,0,0.0373,Faible,852.65,Dormants
844,1,1,0.9994,Critique,0.0,Dormants
845,1,1,0.994,Critique,0.0,Dormants
846,0,0,0.002,Faible,854.9,Réguliers
847,0,0,0.0002,Faible,0.0,Réguliers
848,1,1,0.9976,Critique,0.0,Réguliers
849,0,0,0.0034,Faible,851.55,Réguliers
850,0,0,0.0055,Faible,0.0,Réguliers
851,1,1,0.9975,Critique,0.0,Dormants
852,0,0,0.0755,Faible,0.0,Réguliers
853,0,0,0.003,Faible,0.0,Réguliers
854,0,0,0.002,Faible,0.0,Réguliers
855,0,0,0.0029,Faible,0.0,Réguliers
856,0,0,0.0037,Faible,0.0,Réguliers
857,1,1,0.9972,Critique,0.0,Dormants
858,0,0,0.0023,Faible,0.0,Réguliers
859,0,0,0.0034,Faible,0.0,Réguliers
860,0,0,0.0042,Faible,0.0,Réguliers
861,0,0,0.0035,Faible,0.0,Réguliers
862,0,0,0.001,Faible,0.0,Réguliers
863,0,0,0.0002,Faible,0.0,Réguliers
864,0,0,0.0116,Faible,855.35,Réguliers
865,0,0,0.038,Faible,0.0,Réguliers
866,0,0,0.003,Faible,0.0,Réguliers
867,0,0,0.0003,Faible,0.0,Réguliers
868,0,0,0.0021,Faible,17.73,Réguliers
869,0,0,0.0035,Faible,0.0,Réguliers
870,1,1,0.9996,Critique,0.0,Dormants
871,0,0,0.0025,Faible,0.0,Réguliers
872,0,0,0.0032,Faible,853.31,Réguliers
873,0,0,0.0017,Faible,784.66,Réguliers
874,1,1,0.9995,Critique,0.0,Dormants
